[
    {
        "Ticket_ID": "INC000012649647",
        "Request_ID": "REQ000024848202",
        "Ticket_Type": "Incident",
        "Name": null,
        "Summary": "Get Assistance:  cannot post entries",
        "Notes": "Requested By: WARAPORN CHUMNUMPORN \n\nRequested For: WARAPORN CHUMNUMPORN \nRequested For Site:  3195/17-29 Rama IV Road, Klong Ton, Klong Tuey \nRequested For Office: VTT/153052 \nRequested For Phone: +66-2407.5296 \nRequested For Availability: 9AM - 5PM \n----------------------------------------------------- \nDetails: \n----------------------------------------------------- \nWhat can we help you with?: Software/Business Application \nTell us more about your request: Report an Issue \nEnvironment: Production \nSelected Application: IPES FI SL \nRequest Summary: cannot post entries \nDetails: Try posting balance to GL 46356000 with cost center 6273GOUP02 but the system does not allow for posting. The error message shown that \"No functional Reporting Dimension C2 found). Please see screenshot for reference. Thank you. \n\n----------------------------------------------------- \nAdvanced Information for Power Users: \n----------------------------------------------------- \n----------------------------------------------------- \nContact Preference: \n----------------------------------------------------- \nContact Preference: E-mail \n",
        "Completion": null,
        "Status": "Assigned",
        "Status_Reason": null,
        "Is_Open": true,
        "Is_Aging": false,
        "SLM": "Within the Service Target",
        "Priority": "Low",
        "Submitted_On": "2019-07-03T04:38:20Z",
        "Modified_On": "2019-07-03T05:44:17Z",
        "Updated_On": "2019-07-03T05:44:17Z",
        "Assigned_On": "2019-07-03T04:38:23Z",
        "Schedule_Starts_On": null,
        "Schedule_Ends_On": null,
        "Required_On": null,
        "Due_On": "2019-07-17T04:38:20Z",
        "Completed_On": null,
        "Is_Locked": true,
        "Submitter": "Remedy Application Service",
        "Customer": {
            "ID": "PPL000000280939",
            "Login_ID": "ap\\wchumnu",
            "Name": "WARAPORN CHUMNUMPORN",
            "Email": "waraporn.chumnumporn@exxonmobil.com",
            "Phone": "+66-2407.5296",
            "Region": "Asia Pacific",
            "Country": "Thailand",
            "City": "Bangkok",
            "Site": "3195/17-29 Rama IV Road, Klong Ton, Klong Tuey",
            "Desk": "VTT/153052",
            "Company": "ExxonMobil",
            "Organization": "Corporate Functions - CONTROLLERS-CORPORATE FINANCIAL SERVIC",
            "Department": "CONTROLLERS-CFS-GEN ACCOUNTING",
            "Job_Title": "Joint Interest Analyst",
            "Sensitivity": null,
            "Is_VIP": false
        },
        "Assignee": {
            "Login_ID": null,
            "Name": null,
            "Group_ID": "SGP000000051215",
            "Group_Name": "Upstream SAP",
            "Company": "ExxonMobil",
            "Organization": "Applications-Financial"
        },
        "Manager": {
            "Login_ID": null,
            "Name": null,
            "Group_ID": "SGP000000051215",
            "Group_Name": "Upstream SAP",
            "Company": "ExxonMobil",
            "Organization": "Applications-Financial"
        },
        "Operational": {
            "Tier_1": "Repair/Restore",
            "Tier_2": "Software",
            "Tier_3": "Application Use (Choose Product)"
        },
        "Product": {
            "Name": "IPES FI SL",
            "Manufacturer": "SAP",
            "Tier_1": "Software",
            "Tier_2": "Application",
            "Tier_3": "Financial",
            "Version": null
        },
        "Vendor": {
            "Group_Name": null,
            "Ticket_ID": null
        },
        "Metadata": null,
        "Team": "Scrumblers"
    },
    {
        "Ticket_ID": "INC000012648223",
        "Request_ID": "REQ000024846251",
        "Ticket_Type": "Incident",
        "Name": null,
        "Summary": "[Failure] UC4MON - UPJ1/108 - JSF: 261808 - Identifier: NAPES - Host Name: S8P2",
        "Notes": "*  UC4 System\t : UPJ1/108\n*  Affiliate\t\t : 0000\n*  Jobname\t : R3.0000.UU.0261808.R.NAPES.RAPERB2010.CANADA.010\n*  Jobplan Name\t : R3.0000.UU.0261808.R.NAPES.REP\n*  Identifier\t : NAPES\n*  Sync\t\t : None\n_______________________________________________________\n*  Error Log\t : \n\nDate        Time      MsgId/Nr                  Message\n\n2019-07-02  19:28:26  00                  S516  Job started\n2019-07-02  19:28:27  00                  S550  Step 001 started (program RAPERB2010, variant CANADA, user ID UC4BATCH)\n2019-07-02  19:28:27  AA                  I749  There are no documents to process since the last run.\n2019-07-02  19:28:30  APERB               S009  Company code 0076, depreciation area 30, fiscal year 2019, account group 306CFSCN\n2019-07-02  19:28:30  APERB               S017  Document INT-000001 was created successfully for Asset Accounting\n2019-07-02  19:28:30  APERB               S009  Company code 0076, depreciation area 30, fiscal year 2019, account group 308C0TAG\n2019-07-02  19:28:30  APERB               S017  Document INT-000003 was created successfully for Asset Accounting\n2019-07-02  19:28:30  APERB               S017  Document INT-000004 was created successfully for Asset Accounting\n2019-07-02  19:28:30  APERB               S017  Document INT-000005 was created successfully for Asset Accounting\n2019-07-02  19:28:30  APERB               S017  Document INT-000006 was created successfully for Asset Accounting\n2019-07-02  19:28:30  APERB               S009  Company code 0076, depreciation area 30, fiscal year 2019, account group 308CINTG\n2019-07-02  19:28:30  APERB               S017  Document INT-000007 was created successfully for Asset Accounting\n2019-07-02  19:28:30  APERB               S017  Document INT-000008 was created successfully for Asset Accounting\n2019-07-02  19:28:30  APERB               S012  Document creation for source company code 0076\n2019-07-02  19:28:30  APERB               S051  Reference document 0000000286 is generated in co.code 0076 for fiscal year 2019\n2019-07-02  19:28:30  APERB               S010  G/L document 0600000285 is posted in company code 0076\n2019-07-02  19:28:30  APERB               S051  Reference document 0000000287 is generated in co.code 0076 for fiscal year 2019\n2019-07-02  19:28:30  APERB               S010  G/L document 0600000286 is posted in company code 0076\n2019-07-02  19:28:30  APERB               S051  Reference document 0000000288 is generated in co.code 0076 for fiscal year 2019\n2019-07-02  19:28:30  APERB               S010  G/L document 0600000287 is posted in company code 0076\n2019-07-02  19:28:30  APERB               S051  Reference document 0000000289 is generated in co.code 0076 for fiscal year 2019\n2019-07-02  19:28:30  APERB               S010  G/L document 0600000288 is posted in company code 0076\n2019-07-02  19:28:30  APERB               S051  Reference document 0000000290 is generated in co.code 0076 for fiscal year 2019\n2019-07-02  19:28:30  APERB               S010  G/L document 0600000289 is posted in company code 0076\n2019-07-02  19:28:30  APERB               S051  Reference document 0000000291 is generated in co.code 0076 for fiscal year 2019\n2019-07-02  19:28:30  APERB               S010  G/L document 0600000290 is posted in company code 0076\n2019-07-02  19:28:30  APERB               S051  Reference document 0000000292 is generated in co.code 0076 for fiscal year 2019\n2019-07-02  19:28:30  APERB               S010  G/L document 0600000291 is posted in company code 0076\n2019-07-02  19:28:30  APERB               S009  Company code 0325, depreciation area 30, fiscal year 2019, account group 308CINTG\n2019-07-02  19:28:30  APERB               S017  Document INT-000001 was created successfully for Asset Accounting\n2019-07-02  19:28:30  APERB               S017  Document INT-000002 was created successfully for Asset Accounting\n2019-07-02  19:28:30  APERB               S017  Document INT-000003 was created successfully for Asset Accounting\n2019-07-02  19:28:30  APERB               S012  Document creation for source company code 0325\n2019-07-02  19:28:30  APERB               S051  Reference document 0000000063 is generated in co.code 0325 for fiscal year 2019\n2019-07-02  19:28:30  APERB               S010  G/L document 0600000062 is posted in company code 0325\n2019-07-02  19:28:30  APERB               S051  Reference document 0000000064 is generated in co.code 0325 for fiscal year 2019\n2019-07-02  19:28:30  APERB               S010  G/L document 0600000063 is posted in company code 0325\n2019-07-02  19:28:30  APERB               S051  Reference document 0000000065 is generated in co.code 0325 for fiscal year 2019\n2019-07-02  19:28:30  APERB               S010  G/L document 0600000064 is posted in company code 0325\n2019-07-02  19:28:31  AA                  I749  There are no documents to process since the last run.\n2019-07-02  19:28:31  AA                  I749  There are no documents to process since the last run.\n2019-07-02  19:28:31  APERB               E001  Not all documents were updated in last run\n2019-07-02  19:28:31  00                  A564  Job cancelled after system exception ERROR_MESSAGE\n2019-07-02  19:28:32                       000  ----------------------------------------------------------------------------------------------------\n2019-07-02  19:28:32                       000  Step 001 Program RAPERB2010 Spoolnumber 0000693305 Appl-RC 0\n2019-07-02  19:28:32                       000  Step has no selection screen\n\n_______________________________________________________\n*  Comments\t : Please check and advise.\n\t\t   For batch recovery action, please fill in Global UC4 on-demand request SRM form via ITServices. \n\t\t   You can find the instruction from https://ishareteam3.na.xom.com/sites/ais/SASTSBatch/Pages/UserTrainingMaterials.aspx\n\t\t   For any queries, please contact UC4Batch@exxonmobil.com mailbox and do not assign ticket back to BATCH.",
        "Completion": null,
        "Status": "Assigned",
        "Status_Reason": null,
        "Is_Open": true,
        "Is_Aging": false,
        "SLM": "Within the Service Target",
        "Priority": "Medium",
        "Submitted_On": "2019-07-03T00:52:55Z",
        "Modified_On": "2019-07-03T01:45:41Z",
        "Updated_On": "2019-07-03T01:45:41Z",
        "Assigned_On": "2019-07-03T00:52:57Z",
        "Schedule_Starts_On": null,
        "Schedule_Ends_On": null,
        "Required_On": null,
        "Due_On": "2019-07-17T00:52:55Z",
        "Completed_On": null,
        "Is_Locked": true,
        "Submitter": "na\\spsathi",
        "Customer": {
            "ID": "PPL000000451236",
            "Login_ID": "na\\spsathi",
            "Name": "Sai P Sathish",
            "Email": "sai.prakash.sathish@exxonmobil.com",
            "Phone": "###",
            "Region": "Asia Pacific",
            "Country": "India",
            "City": "Chennai",
            "Site": "SEZ Avenue, Elcot Sez, Sholinganallur",
            "Desk": "",
            "Company": "ExxonMobil",
            "Organization": "GLOBAL SVCS COMPANY - GSC INFORMATION TECHNOLOGY",
            "Department": "GSC EMIT APPS TECH SVCS AIS AUT ENG EAST",
            "Job_Title": null,
            "Sensitivity": null,
            "Is_VIP": false
        },
        "Assignee": {
            "Login_ID": null,
            "Name": null,
            "Group_ID": "SGP000000051215",
            "Group_Name": "Upstream SAP",
            "Company": "ExxonMobil",
            "Organization": "Applications-Financial"
        },
        "Manager": {
            "Login_ID": null,
            "Name": null,
            "Group_ID": "SGP000000051215",
            "Group_Name": "Upstream SAP",
            "Company": "ExxonMobil",
            "Organization": "Applications-Financial"
        },
        "Operational": {
            "Tier_1": "Repair/Restore",
            "Tier_2": null,
            "Tier_3": null
        },
        "Product": {
            "Name": "NAPES FI Project and Asset Accounting",
            "Manufacturer": "SAP",
            "Tier_1": "Software",
            "Tier_2": "Application",
            "Tier_3": "Financial",
            "Version": "ANY"
        },
        "Vendor": {
            "Group_Name": null,
            "Ticket_ID": null
        },
        "Metadata": null,
        "Team": "Thotsakan"
    },
    {
        "Ticket_ID": "INC000012648135",
        "Request_ID": "REQ000024845595",
        "Ticket_Type": "Incident",
        "Name": null,
        "Summary": "[Failure] UC4MON - UPJ1/108 - JSF: 0260698 - Identifier: NAPES - Host Name: ",
        "Notes": "*  UC4 System\t : UPJ1/108\n*  Affiliate\t\t : 0000\n*  Jobname\t : NT.0000.UU.0260698.O.NAPES.FILECHECK\n*  Jobplan Name\t : R3.0000.UU.0260698.O.NAPES.MAIN\n*  Identifier\t : NAPES\n*  Sync\t\t : None\n_______________________________________________________\n*  Error Log\t : \n\nInterface file FI.OUT.TRNFSG.DAT from previous run not yet transmitted - Abort job\n_______________________________________________________\n*  Comments\t : Please check and advise.\n\t\t   For batch recovery action, please fill in Global UC4 on-demand request SRM form via ITServices. \n\t\t   You can find the instruction from https://ishareteam3.na.xom.com/sites/ais/SASTSBatch/Pages/UserTrainingMaterials.aspx\n\t\t   For any queries, please contact UC4Batch@exxonmobil.com mailbox and do not assign ticket back to BATCH.",
        "Completion": null,
        "Status": "Assigned",
        "Status_Reason": null,
        "Is_Open": true,
        "Is_Aging": false,
        "SLM": "Within the Service Target",
        "Priority": "Medium",
        "Submitted_On": "2019-07-02T22:09:22Z",
        "Modified_On": "2019-07-02T23:44:33Z",
        "Updated_On": "2019-07-02T23:44:33Z",
        "Assigned_On": "2019-07-02T22:09:24Z",
        "Schedule_Starts_On": null,
        "Schedule_Ends_On": null,
        "Required_On": null,
        "Due_On": "2019-07-16T22:09:22Z",
        "Completed_On": null,
        "Is_Locked": true,
        "Submitter": "na\\sxkatta",
        "Customer": {
            "ID": "PPL000000311442",
            "Login_ID": "na\\sxkatta",
            "Name": "Satyanarayana  KATTA",
            "Email": "satyanarayana.x.katta@exxonmobil.com",
            "Phone": "###",
            "Region": "Asia Pacific",
            "Country": "India",
            "City": "Chennai",
            "Site": "SEZ Avenue, Elcot Sez, Sholinganallur",
            "Desk": "",
            "Company": "ExxonMobil",
            "Organization": "GLOBAL SVCS COMPANY - GSC INFORMATION TECHNOLOGY",
            "Department": "GSC EMIT APPS TECH SVCS AIS AUT ENG EAST",
            "Job_Title": null,
            "Sensitivity": null,
            "Is_VIP": false
        },
        "Assignee": {
            "Login_ID": null,
            "Name": null,
            "Group_ID": "SGP000000051215",
            "Group_Name": "Upstream SAP",
            "Company": "ExxonMobil",
            "Organization": "Applications-Financial"
        },
        "Manager": {
            "Login_ID": null,
            "Name": null,
            "Group_ID": "SGP000000051215",
            "Group_Name": "Upstream SAP",
            "Company": "ExxonMobil",
            "Organization": "Applications-Financial"
        },
        "Operational": {
            "Tier_1": "Repair/Restore",
            "Tier_2": null,
            "Tier_3": null
        },
        "Product": {
            "Name": "NAPES FI GL",
            "Manufacturer": "SAP",
            "Tier_1": "Software",
            "Tier_2": "Application",
            "Tier_3": "Financial",
            "Version": "UNKNOWN"
        },
        "Vendor": {
            "Group_Name": null,
            "Ticket_ID": null
        },
        "Metadata": null,
        "Team": "Thotsakan"
    },
    {
        "Ticket_ID": "WO0000014632940",
        "Request_ID": "REQ000024843806",
        "Ticket_Type": "WorkOrder",
        "Name": null,
        "Summary": "Investigate why E00000000065 is not settling in NAPES",
        "Notes": null,
        "Completion": "See below for additional features available through IT Services.",
        "Status": "Assigned",
        "Status_Reason": null,
        "Is_Open": true,
        "Is_Aging": false,
        "SLM": null,
        "Priority": "Low",
        "Submitted_On": "2019-07-02T19:26:31Z",
        "Modified_On": "2019-07-02T19:27:20Z",
        "Updated_On": "2019-07-02T19:27:20Z",
        "Assigned_On": "2019-07-02T19:26:34Z",
        "Schedule_Starts_On": null,
        "Schedule_Ends_On": null,
        "Required_On": null,
        "Due_On": null,
        "Completed_On": null,
        "Is_Locked": true,
        "Submitter": "upstreamaccts\\laearne",
        "Customer": {
            "ID": "PPL000000004787",
            "Login_ID": "upstreamaccts\\lparks",
            "Name": "Lauren E Graham",
            "Email": "lauren.e.graham@esso.ca",
            "Phone": "+1-587476.2548",
            "Region": "North America",
            "Country": "Canada",
            "City": "Calgary",
            "Site": "505 Quarry Park Boulevard SE",
            "Desk": "QPPRA/P2A183",
            "Company": "ExxonMobil",
            "Organization": "Corporate Functions - CONTROLLERS-DOWNSTREAM",
            "Department": "DS CONTROLLERS OPERATIONS-IOL",
            "Job_Title": "Senior Systems Analyst",
            "Sensitivity": null,
            "Is_VIP": false
        },
        "Assignee": {
            "Login_ID": "upstreamaccts\\laearne",
            "Name": "Logan  Earnest",
            "Group_ID": "SGP000000051215",
            "Group_Name": "Upstream SAP",
            "Company": "ExxonMobil",
            "Organization": "Applications-Financial"
        },
        "Manager": {
            "Login_ID": null,
            "Name": null,
            "Group_ID": "SGP000000051215",
            "Group_Name": "Upstream SAP",
            "Company": "Applications-Financial",
            "Organization": "ExxonMobil"
        },
        "Operational": {
            "Tier_1": "Request",
            "Tier_2": "Applications",
            "Tier_3": "MEC Request"
        },
        "Product": {
            "Name": "NAPES FI GL",
            "Manufacturer": "SAP",
            "Tier_1": "Software",
            "Tier_2": "Application",
            "Tier_3": "Financial",
            "Version": "UNKNOWN"
        },
        "Vendor": {
            "Group_Name": null,
            "Ticket_ID": null
        },
        "Metadata": null,
        "Team": "Supernova/Polaris"
    },
    {
        "Ticket_ID": "WO0000014630097",
        "Request_ID": "REQ000024839009",
        "Ticket_Type": "WorkOrder",
        "Name": null,
        "Summary": "June - NAPES MEC Blanket WO",
        "Notes": "This is a blanket WO for PTA activities for NAPES - MEC for JUNE",
        "Completion": "See below for additional features available through IT Services.",
        "Status": "In Progress",
        "Status_Reason": null,
        "Is_Open": true,
        "Is_Aging": false,
        "SLM": null,
        "Priority": "Medium",
        "Submitted_On": "2019-07-02T13:50:06Z",
        "Modified_On": "2019-07-02T13:51:52Z",
        "Updated_On": "2019-07-02T13:51:52Z",
        "Assigned_On": "2019-07-02T13:50:11Z",
        "Schedule_Starts_On": null,
        "Schedule_Ends_On": null,
        "Required_On": null,
        "Due_On": null,
        "Completed_On": null,
        "Is_Locked": true,
        "Submitter": "na\\mchilak",
        "Customer": {
            "ID": "PPL000000098738",
            "Login_ID": "sa\\mlcost2",
            "Name": "Marcelo L Costa",
            "Email": "marcelo.l.costa@exxonmobil.com",
            "Phone": "###",
            "Region": "Central & South America",
            "Country": "Brazil",
            "City": "Curitiba",
            "Site": "Rua Comendador Ara\u00fajo, 499",
            "Desk": "CE/EMIT (CE 3rd)",
            "Company": "ExxonMobil",
            "Organization": "Corporate Functions - CONTROLLERS-CORPORATE FINANCIAL SERVIC",
            "Department": "CONTROLLERS-CFS INTERCOMPANY ACCOUNT-CB",
            "Job_Title": "SAP JV FI MEC Coordinator",
            "Sensitivity": null,
            "Is_VIP": false
        },
        "Assignee": {
            "Login_ID": "na\\mchilak",
            "Name": "Madhukar Chilaka",
            "Group_ID": "SGP000000051215",
            "Group_Name": "Upstream SAP",
            "Company": "ExxonMobil",
            "Organization": "Applications-Financial"
        },
        "Manager": {
            "Login_ID": "na\\ludumya",
            "Name": "Lilit Udumyan",
            "Group_ID": "SGP000000051215",
            "Group_Name": "Upstream SAP",
            "Company": "Applications-Financial",
            "Organization": "ExxonMobil"
        },
        "Operational": {
            "Tier_1": "Request",
            "Tier_2": "Applications",
            "Tier_3": "Data Maintenance"
        },
        "Product": {
            "Name": "NAPES FI Project and Asset Accounting",
            "Manufacturer": "SAP",
            "Tier_1": "Software",
            "Tier_2": "Application",
            "Tier_3": "Financial",
            "Version": "ANY"
        },
        "Vendor": {
            "Group_Name": null,
            "Ticket_ID": null
        },
        "Metadata": null,
        "Team": "Other"
    }
]